Workbook

Sheet Monthly Data
A1: category | B1: month | C1: order_count | D1: total_revenue | E1: avg_revenue
A2: Household Essentials | B2: 2026-01 | C2: 12 | D2: 2896 | E2: 241.33333
A3: Household Essentials | B3: 2026-02 | C3: 21 | D3: 5066 | E3: 241.2381
A4: Household Essentials | B4: 2026-03 | C4: 12 | D4: 2896 | E4: 241.33333
A5: Household Essentials | B5: 2026-04 | C5: 9 | D5: 2174 | E5: 241.55556
A6: Household Essentials | B6: 2026-05 | C6: 15 | D6: 3617 | E6: 241.13333
A7: Household Essentials | B7: 2026-06 | C7: 9 | D7: 2170 | E7: 241.11111
A8: Personal Care | B8: 2026-01 | C8: 6 | D8: 1157 | E8: 192.83333
A9: Personal Care | B9: 2026-02 | C9: 11 | D9: 2122 | E9: 192.90909
A10: Personal Care | B10: 2026-03 | C10: 12 | D10: 2312 | E10: 192.66667
A11: Personal Care | B11: 2026-04 | C11: 15 | D11: 2894 | E11: 192.93333
A12: Personal Care | B12: 2026-05 | C12: 12 | D12: 2310 | E12: 192.5
A13: Personal Care | B13: 2026-06 | C13: 15 | D13: 2890 | E13: 192.66667
... A37: Fruits & Vegetables | B37: 2026-06 | C37: 10 | D37: 1151 | E37: 115.1

Sheet Category Targets
A1: category | B1: target_revenue
A2: Household Essentials | B2: 22000
A3: Personal Care | B3: 17000
A4: Bakery | B4: 16000
A5: Dairy & Eggs | B5: 15000
A6: Snacks & Beverages | B6: 12000
A7: Fruits & Vegetables | B7: 11000

Sheet Category Summary
A1: category | B1: total_revenue | C1: target_revenue | D1: variance | E1: percentage_variance | F1: tag | G1: Matches Part 1 SQL total?
A2: Household Essentials | B2: =SUMIF('Monthly Data'!$A:$A,A2,'Monthly Data'!$D:$D) -> 18819 | C2: =_xlfn.XLOOKUP(A2,'Category Targets'!A2:A7,'Category Targets'!B2:B7,"Not Found") -> 22000 | D2: =B2-C2 -> -3181 | E2: =IFERROR(D2/C2,0) -> -0.14459091 | F2: =IF(D2>=0,"Above Target",IF(E2>=-0.1,"Below Target - Watch","Below Target - Critical")) -> Below Target - Critical | G2: Yes
A3: Personal Care | B3: =SUMIF('Monthly Data'!$A:$A,A3,'Monthly Data'!$D:$D) -> 13685 | C3: =_xlfn.XLOOKUP(A3,'Category Targets'!A3:A8,'Category Targets'!B3:B8,"Not Found") -> 17000 | D3: =B3-C3 -> -3315 | E3: =IFERROR(D3/C3,0) -> -0.195 | F3: =IF(D3>=0,"Above Target",IF(E3>=-0.1,"Below Target - Watch","Below Target - Critical")) -> Below Target - Critical | G3: Yes
A4: Bakery | B4: =SUMIF('Monthly Data'!$A:$A,A4,'Monthly Data'!$D:$D) -> 12591 | C4: =_xlfn.XLOOKUP(A4,'Category Targets'!A4:A9,'Category Targets'!B4:B9,"Not Found") -> 16000 | D4: =B4-C4 -> -3409 | E4: =IFERROR(D4/C4,0) -> -0.2130625 | F4: =IF(D4>=0,"Above Target",IF(E4>=-0.1,"Below Target - Watch","Below Target - Critical")) -> Below Target - Critical | G4: Yes
A5: Dairy & Eggs | B5: =SUMIF('Monthly Data'!$A:$A,A5,'Monthly Data'!$D:$D) -> 12152 | C5: =_xlfn.XLOOKUP(A5,'Category Targets'!A5:A10,'Category Targets'!B5:B10,"Not Found") -> 15000 | D5: =B5-C5 -> -2848 | E5: =IFERROR(D5/C5,0) -> -0.18986667 | F5: =IF(D5>=0,"Above Target",IF(E5>=-0.1,"Below Target - Watch","Below Target - Critical")) -> Below Target - Critical | G5: Yes
A6: Snacks & Beverages | B6: =SUMIF('Monthly Data'!$A:$A,A6,'Monthly Data'!$D:$D) -> 9638 | C6: =_xlfn.XLOOKUP(A6,'Category Targets'!A6:A11,'Category Targets'!B6:B11,"Not Found") -> 12000 | D6: =B6-C6 -> -2362 | E6: =IFERROR(D6/C6,0) -> -0.19683333 | F6: =IF(D6>=0,"Above Target",IF(E6>=-0.1,"Below Target - Watch","Below Target - Critical")) -> Below Target - Critical | G6: Yes
A7: Fruits & Vegetables | B7: =SUMIF('Monthly Data'!$A:$A,A7,'Monthly Data'!$D:$D) -> 9214 | C7: =_xlfn.XLOOKUP(A7,'Category Targets'!A7:A12,'Category Targets'!B7:B12,"Not Found") -> 11000 | D7: =B7-C7 -> -1786 | E7: =IFERROR(D7/C7,0) -> -0.16236364 | F7: =IF(D7>=0,"Above Target",IF(E7>=-0.1,"Below Target - Watch","Below Target - Critical")) -> Below Target - Critical | G7: Yes
